scorer,dataset,model,comparison,metric,n_pairs,mean_A,sd_A,mean_B,sd_B,mean_diff,p_value,p_value_bh,significant_bh_0.05,A12,A12_effect
LADEX,Industry,Gemini,1st Round vs No Refinement,Precision,300,0.8152,,0.4288,0.0000,0.3864,5.68643e-26,6.82372e-25,True,0.7157,large
LADEX,Industry,Gemini,1st Round vs No Refinement,Recall,300,0.6969,,0.4086,0.0000,0.2883,6.21324e-17,2.4853e-16,True,0.6769,medium
LADEX,Industry,Gemini,1st Round vs No Refinement,F1,300,0.7205,,0.4087,0.0000,0.3118,1.57531e-18,9.45186e-18,True,0.6771,medium
LADEX,Industry,Gemini,2nd Round vs 1st Round,Precision,300,0.8958,,0.8152,,0.0806,3.39838e-07,1.01951e-06,True,0.5711,small
LADEX,Industry,Gemini,2nd Round vs 1st Round,Recall,300,0.7011,,0.6969,,0.0042,0.347214,0.462951,False,0.4856,negligible
LADEX,Industry,Gemini,2nd Round vs 1st Round,F1,300,0.7558,,0.7205,,0.0353,0.558976,0.670771,False,0.5124,negligible
LADEX,Industry,Gemini,3rd Round vs 2nd Round,Precision,300,0.8977,,0.8958,,0.0018,0.884137,0.958789,False,0.4920,negligible
LADEX,Industry,Gemini,3rd Round vs 2nd Round,Recall,300,0.6852,,0.7011,,-0.0158,0.0408314,0.0816627,False,0.4855,negligible
LADEX,Industry,Gemini,3rd Round vs 2nd Round,F1,300,0.7406,,0.7558,,-0.0153,0.0105281,0.0252675,True,0.4778,negligible
LADEX,Industry,Gemini,4th Round vs 3rd Round,Precision,300,0.8972,,0.8977,,-0.0005,0.958789,0.958789,False,0.5093,negligible
LADEX,Industry,Gemini,4th Round vs 3rd Round,Recall,300,0.6933,,0.6852,,0.0081,0.227928,0.341893,False,0.5060,negligible
LADEX,Industry,Gemini,4th Round vs 3rd Round,F1,300,0.7504,,0.7406,,0.0098,0.0944918,0.161986,False,0.5135,negligible
LADEX,Industry,Qwen,1st Round vs No Refinement,Precision,1500,0.7791,0.0139,0.4288,0.0000,0.3502,5.40591e-102,6.48709e-101,True,0.6974,medium
LADEX,Industry,Qwen,1st Round vs No Refinement,Recall,1500,0.6774,0.0087,0.4086,0.0000,0.2688,1.0518e-69,4.20718e-69,True,0.6626,medium
LADEX,Industry,Qwen,1st Round vs No Refinement,F1,1500,0.6976,0.0098,0.4087,0.0000,0.2889,5.17654e-79,3.10592e-78,True,0.6650,medium
LADEX,Industry,Qwen,2nd Round vs 1st Round,Precision,1500,0.8387,0.0308,0.7791,0.0139,0.0596,4.31398e-09,1.29419e-08,True,0.5512,negligible
LADEX,Industry,Qwen,2nd Round vs 1st Round,Recall,1500,0.6551,0.0201,0.6774,0.0087,-0.0224,0.0036462,0.00729241,True,0.4708,negligible
LADEX,Industry,Qwen,2nd Round vs 1st Round,F1,1500,0.7019,0.0249,0.6976,0.0098,0.0043,0.25773,0.309275,False,0.4896,negligible
LADEX,Industry,Qwen,3rd Round vs 2nd Round,Precision,1500,0.8829,0.0057,0.8387,0.0308,0.0442,2.62466e-06,6.29919e-06,True,0.5337,negligible
LADEX,Industry,Qwen,3rd Round vs 2nd Round,Recall,1500,0.6535,0.0090,0.6551,0.0201,-0.0015,0.73009,0.73009,False,0.4930,negligible
LADEX,Industry,Qwen,3rd Round vs 2nd Round,F1,1500,0.7135,0.0057,0.7019,0.0249,0.0117,0.651453,0.710676,False,0.5011,negligible
LADEX,Industry,Qwen,4th Round vs 3rd Round,Precision,1500,0.8950,0.0084,0.8829,0.0057,0.0121,0.104103,0.156154,False,0.5136,negligible
LADEX,Industry,Qwen,4th Round vs 3rd Round,Recall,1500,0.6387,0.0075,0.6535,0.0090,-0.0148,0.0265105,0.0454466,True,0.4839,negligible
LADEX,Industry,Qwen,4th Round vs 3rd Round,F1,1500,0.7074,0.0068,0.7135,0.0057,-0.0061,0.162203,0.21627,False,0.4913,negligible
LADEX,PAGED,Gemini,1st Round vs No Refinement,Precision,400,0.8767,,0.4238,0.0000,0.4529,4.90312e-41,5.88375e-40,True,0.7521,large
LADEX,PAGED,Gemini,1st Round vs No Refinement,Recall,400,0.8792,,0.4537,0.0000,0.4255,3.47946e-37,1.39178e-36,True,0.7278,large
LADEX,PAGED,Gemini,1st Round vs No Refinement,F1,400,0.8529,,0.4165,0.0000,0.4364,5.28284e-40,3.1697e-39,True,0.7474,large
LADEX,PAGED,Gemini,2nd Round vs 1st Round,Precision,400,0.9306,,0.8767,,0.0539,7.27117e-08,2.18135e-07,True,0.5417,negligible
LADEX,PAGED,Gemini,2nd Round vs 1st Round,Recall,400,0.8950,,0.8792,,0.0158,0.239711,0.261503,False,0.4938,negligible
LADEX,PAGED,Gemini,2nd Round vs 1st Round,F1,400,0.8872,,0.8529,,0.0343,0.000808982,0.00194156,True,0.5197,negligible
LADEX,PAGED,Gemini,3rd Round vs 2nd Round,Precision,400,0.9340,,0.9306,,0.0035,0.0963657,0.15581,False,0.5103,negligible
LADEX,PAGED,Gemini,3rd Round vs 2nd Round,Recall,400,0.9004,,0.8950,,0.0055,0.3402,0.3402,False,0.5074,negligible
LADEX,PAGED,Gemini,3rd Round vs 2nd Round,F1,400,0.8927,,0.8872,,0.0055,0.111227,0.15581,False,0.5134,negligible
LADEX,PAGED,Gemini,4th Round vs 3rd Round,Precision,400,0.9281,,0.9340,,-0.0060,0.145217,0.174261,False,0.4926,negligible
LADEX,PAGED,Gemini,4th Round vs 3rd Round,Recall,400,0.8901,,0.9004,,-0.0104,0.116858,0.15581,False,0.4914,negligible
LADEX,PAGED,Gemini,4th Round vs 3rd Round,F1,400,0.8837,,0.8927,,-0.0090,0.0644853,0.128971,False,0.4893,negligible
LADEX,PAGED,Qwen,1st Round vs No Refinement,Precision,2000,0.7968,0.0144,0.4238,0.0000,0.3730,1.19165e-145,1.42998e-144,True,0.7045,medium
LADEX,PAGED,Qwen,1st Round vs No Refinement,Recall,2000,0.7961,0.0075,0.4537,0.0000,0.3424,2.96968e-123,1.18787e-122,True,0.6822,medium
LADEX,PAGED,Qwen,1st Round vs No Refinement,F1,2000,0.7737,0.0102,0.4165,0.0000,0.3572,1.32813e-140,7.96876e-140,True,0.6986,medium
LADEX,PAGED,Qwen,2nd Round vs 1st Round,Precision,2000,0.8467,0.0064,0.7968,0.0144,0.0499,3.21834e-10,9.65501e-10,True,0.5408,negligible
LADEX,PAGED,Qwen,2nd Round vs 1st Round,Recall,2000,0.8144,0.0096,0.7961,0.0075,0.0183,0.0304412,0.0521848,False,0.5022,negligible
LADEX,PAGED,Qwen,2nd Round vs 1st Round,F1,2000,0.8093,0.0075,0.7737,0.0102,0.0356,5.7866e-06,1.38878e-05,True,0.5264,negligible
LADEX,PAGED,Qwen,3rd Round vs 2nd Round,Precision,2000,0.8696,0.0096,0.8467,0.0064,0.0229,0.00113634,0.00227268,True,0.5185,negligible
LADEX,PAGED,Qwen,3rd Round vs 2nd Round,Recall,2000,0.8084,0.0088,0.8144,0.0096,-0.0060,0.537843,0.645412,False,0.4879,negligible
LADEX,PAGED,Qwen,3rd Round vs 2nd Round,F1,2000,0.8157,0.0081,0.8093,0.0075,0.0064,0.531453,0.645412,False,0.4994,negligible
LADEX,PAGED,Qwen,4th Round vs 3rd Round,Precision,2000,0.8770,0.0116,0.8696,0.0096,0.0074,0.333388,0.500081,False,0.5070,negligible
LADEX,PAGED,Qwen,4th Round vs 3rd Round,Recall,2000,0.8050,0.0125,0.8084,0.0088,-0.0034,0.716891,0.782063,False,0.4940,negligible
LADEX,PAGED,Qwen,4th Round vs 3rd Round,F1,2000,0.8165,0.0129,0.8157,0.0081,0.0008,0.894285,0.894285,False,0.4973,negligible
